,0,1,2,3,4,5,6,7
0,SK텔레콤 오픈 2025 AI 홍보 영상 공모전,광고/마케팅,"대학생, 기타",SK텔레콤,2025-04-24 ~ 2025-05-06,1천만원이하,300만원,
1,SK텔레콤 오픈 2025 AI 홍보 영상 공모전,영상/UCC/사진,"대학생, 기타",SK텔레콤,2025-04-24 ~ 2025-05-06,1천만원이하,300만원,
2,SK텔레콤 오픈 2025 AI 홍보 영상 공모전,웹/모바일/IT,"대학생, 기타",SK텔레콤,2025-04-24 ~ 2025-05-06,1천만원이하,300만원,
3,SK텔레콤 오픈 2025 AI 홍보 영상 공모전,예체능/미술/음악,"대학생, 기타",SK텔레콤,2025-04-24 ~ 2025-05-06,1천만원이하,300만원,
4,SK텔레콤 오픈 2025 AI 홍보 영상 공모전,대외활동/서포터즈,"대학생, 기타",SK텔레콤,2025-04-24 ~ 2025-05-06,1천만원이하,300만원,
5,[과학기술정보통신부] 2025년 연구실 안전 콘텐츠 및 우수사례 공모전,광고/마케팅,제한없음,과학기술정보통신부 / 한국생명공학연구원 국가연구안전관리본부,2025-04-21 ~ 2025-07-21,5천만원~3천만원,200만원,
6,[과학기술정보통신부] 2025년 연구실 안전 콘텐츠 및 우수사례 공모전,논문/리포트,제한없음,과학기술정보통신부 / 한국생명공학연구원 국가연구안전관리본부,2025-04-21 ~ 2025-07-21,5천만원~3천만원,200만원,
7,[과학기술정보통신부] 2025년 연구실 안전 콘텐츠 및 우수사례 공모전,영상/UCC/사진,제한없음,과학기술정보통신부 / 한국생명공학연구원 국가연구안전관리본부,2025-04-21 ~ 2025-07-21,5천만원~3천만원,200만원,
8,[과학기술정보통신부] 2025년 연구실 안전 콘텐츠 및 우수사례 공모전,디자인/캐릭터/웹툰,제한없음,과학기술정보통신부 / 한국생명공학연구원 국가연구안전관리본부,2025-04-21 ~ 2025-07-21,5천만원~3천만원,200만원,
9,[과학기술정보통신부] 2025년 연구실 안전 콘텐츠 및 우수사례 공모전,네이밍/슬로건,제한없음,과학기술정보통신부 / 한국생명공학연구원 국가연구안전관리본부,2025-04-21 ~ 2025-07-21,5천만원~3천만원,200만원,
10,[과학기술정보통신부] 2025년 연구실 안전 콘텐츠 및 우수사례 공모전,예체능/미술/음악,제한없음,과학기술정보통신부 / 한국생명공학연구원 국가연구안전관리본부,2025-04-21 ~ 2025-07-21,5천만원~3천만원,200만원,
11,17℃ 챌린지 영상 공모전,광고/마케팅,제한없음,대한민국시도지사협의회,2025-04-24 ~ 2025-05-23,1천만원이하,150만원,
12,17℃ 챌린지 영상 공모전,영상/UCC/사진,제한없음,대한민국시도지사협의회,2025-04-24 ~ 2025-05-23,1천만원이하,150만원,
13,17℃ 챌린지 영상 공모전,웹/모바일/IT,제한없음,대한민국시도지사협의회,2025-04-24 ~ 2025-05-23,1천만원이하,150만원,
14,17℃ 챌린지 영상 공모전,예체능/미술/음악,제한없음,대한민국시도지사협의회,2025-04-24 ~ 2025-05-23,1천만원이하,150만원,
15,17℃ 챌린지 영상 공모전,대외활동/서포터즈,제한없음,대한민국시도지사협의회,2025-04-24 ~ 2025-05-23,1천만원이하,150만원,
16,스포애니송 챌린지 공모전,광고/마케팅,제한없음,(주)케이디헬스케어 / 스포애니 마케팅팀,2025-03-17 ~ 2025-05-09,3천만원~1천만원,500만원,
17,스포애니송 챌린지 공모전,영상/UCC/사진,제한없음,(주)케이디헬스케어 / 스포애니 마케팅팀,2025-03-17 ~ 2025-05-09,3천만원~1천만원,500만원,
18,스포애니송 챌린지 공모전,웹/모바일/IT,제한없음,(주)케이디헬스케어 / 스포애니 마케팅팀,2025-03-17 ~ 2025-05-09,3천만원~1천만원,500만원,
19,스포애니송 챌린지 공모전,예체능/미술/음악,제한없음,(주)케이디헬스케어 / 스포애니 마케팅팀,2025-03-17 ~ 2025-05-09,3천만원~1천만원,500만원,
20,스포애니송 챌린지 공모전,대외활동/서포터즈,제한없음,(주)케이디헬스케어 / 스포애니 마케팅팀,2025-03-17 ~ 2025-05-09,3천만원~1천만원,500만원,
21,매경미디어그룹 AI 영상광고·숏폼 공모전,광고/마케팅,"일반인, 대학생, 청소년, 기타",매경미디어그룹 / (주)스튜디오프리윌루전,"동국제약, 예스24,달바 ",2025-04-07 ~ 2025-05-07,5천만원~3천만원,500만원
22,매경미디어그룹 AI 영상광고·숏폼 공모전,영상/UCC/사진,"일반인, 대학생, 청소년, 기타",매경미디어그룹 / (주)스튜디오프리윌루전,"동국제약, 예스24,달바 ",2025-04-07 ~ 2025-05-07,5천만원~3천만원,500만원
23,매경미디어그룹 AI 영상광고·숏폼 공모전,웹/모바일/IT,"일반인, 대학생, 청소년, 기타",매경미디어그룹 / (주)스튜디오프리윌루전,"동국제약, 예스24,달바 ",2025-04-07 ~ 2025-05-07,5천만원~3천만원,500만원
24,매경미디어그룹 AI 영상광고·숏폼 공모전,예체능/미술/음악,"일반인, 대학생, 청소년, 기타",매경미디어그룹 / (주)스튜디오프리윌루전,"동국제약, 예스24,달바 ",2025-04-07 ~ 2025-05-07,5천만원~3천만원,500만원
25,매경미디어그룹 AI 영상광고·숏폼 공모전,대외활동/서포터즈,"일반인, 대학생, 청소년, 기타",매경미디어그룹 / (주)스튜디오프리윌루전,"동국제약, 예스24,달바 ",2025-04-07 ~ 2025-05-07,5천만원~3천만원,500만원
26,2025 현대오토에버 배리어프리 앱 개발 콘테스트 공모전,기획/아이디어,대학생,"현대오토에버, 서울사회복지공동모금회 / 사단법인 그린라이트","과학기술정보통신부, 교육부 국립특수교육원",2025-04-22 ~ 2025-05-21,3천만원~1천만원,500만원
27,2025 현대오토에버 배리어프리 앱 개발 콘테스트 공모전,웹/모바일/IT,대학생,"현대오토에버, 서울사회복지공동모금회 / 사단법인 그린라이트","과학기술정보통신부, 교육부 국립특수교육원",2025-04-22 ~ 2025-05-21,3천만원~1천만원,500만원
28,2025 현대오토에버 배리어프리 앱 개발 콘테스트 공모전,게임/소프트웨어,대학생,"현대오토에버, 서울사회복지공동모금회 / 사단법인 그린라이트","과학기술정보통신부, 교육부 국립특수교육원",2025-04-22 ~ 2025-05-21,3천만원~1천만원,500만원
29,2025 현대오토에버 배리어프리 앱 개발 콘테스트 공모전,과학/공학,대학생,"현대오토에버, 서울사회복지공동모금회 / 사단법인 그린라이트","과학기술정보통신부, 교육부 국립특수교육원",2025-04-22 ~ 2025-05-21,3천만원~1천만원,500만원
30,2025 현대오토에버 배리어프리 앱 개발 콘테스트 공모전,대외활동/서포터즈,대학생,"현대오토에버, 서울사회복지공동모금회 / 사단법인 그린라이트","과학기술정보통신부, 교육부 국립특수교육원",2025-04-22 ~ 2025-05-21,3천만원~1천만원,500만원
31,2025 대학생 논문경진대회 장애의 재해석 공모전,기획/아이디어,"일반인, 대학생, 기타",한국장애인재단,보건복지부,2025-04-21 ~ 2025-05-23,1천만원이하,150만원
32,2025 대학생 논문경진대회 장애의 재해석 공모전,논문/리포트,"일반인, 대학생, 기타",한국장애인재단,보건복지부,2025-04-21 ~ 2025-05-23,1천만원이하,150만원
33,2025 대학생 논문경진대회 장애의 재해석 공모전,웹/모바일/IT,"일반인, 대학생, 기타",한국장애인재단,보건복지부,2025-04-21 ~ 2025-05-23,1천만원이하,150만원
34,2025 대학생 논문경진대회 장애의 재해석 공모전,게임/소프트웨어,"일반인, 대학생, 기타",한국장애인재단,보건복지부,2025-04-21 ~ 2025-05-23,1천만원이하,150만원
35,2025 대학생 논문경진대회 장애의 재해석 공모전,과학/공학,"일반인, 대학생, 기타",한국장애인재단,보건복지부,2025-04-21 ~ 2025-05-23,1천만원이하,150만원
36,2025 대학생 논문경진대회 장애의 재해석 공모전,대외활동/서포터즈,"일반인, 대학생, 기타",한국장애인재단,보건복지부,2025-04-21 ~ 2025-05-23,1천만원이하,150만원
37,[과학기술정보통신부] 2025년 제14회 ICT콤플렉스 피우다프로젝트 (SW개발 공모전),기획/아이디어,제한없음,"과학기술정보통신부 / 정보통신산업진흥원, 한국정보방송통신대연합, 한국장애인복지관협회, 한국재가노인복지협회","한국사회복지협의회, 전자신문",2025-04-14 ~ 2025-05-13,1천만원이하,300만원
38,[과학기술정보통신부] 2025년 제14회 ICT콤플렉스 피우다프로젝트 (SW개발 공모전),웹/모바일/IT,제한없음,"과학기술정보통신부 / 정보통신산업진흥원, 한국정보방송통신대연합, 한국장애인복지관협회, 한국재가노인복지협회","한국사회복지협의회, 전자신문",2025-04-14 ~ 2025-05-13,1천만원이하,300만원
39,[과학기술정보통신부] 2025년 제14회 ICT콤플렉스 피우다프로젝트 (SW개발 공모전),게임/소프트웨어,제한없음,"과학기술정보통신부 / 정보통신산업진흥원, 한국정보방송통신대연합, 한국장애인복지관협회, 한국재가노인복지협회","한국사회복지협의회, 전자신문",2025-04-14 ~ 2025-05-13,1천만원이하,300만원
40,[과학기술정보통신부] 2025년 제14회 ICT콤플렉스 피우다프로젝트 (SW개발 공모전),과학/공학,제한없음,"과학기술정보통신부 / 정보통신산업진흥원, 한국정보방송통신대연합, 한국장애인복지관협회, 한국재가노인복지협회","한국사회복지협의회, 전자신문",2025-04-14 ~ 2025-05-13,1천만원이하,300만원
41,[과학기술정보통신부] 2025년 제14회 ICT콤플렉스 피우다프로젝트 (SW개발 공모전),기타,제한없음,"과학기술정보통신부 / 정보통신산업진흥원, 한국정보방송통신대연합, 한국장애인복지관협회, 한국재가노인복지협회","한국사회복지협의회, 전자신문",2025-04-14 ~ 2025-05-13,1천만원이하,300만원
42,공공배달 통합포털 구축 공공배달 숏폼 공모전,광고/마케팅,제한없음,"농림축산식품부, 한국농수산식품유통공사",2025-04-04 ~ 2025-05-07,1천만원이하,200만원,
43,공공배달 통합포털 구축 공공배달 숏폼 공모전,영상/UCC/사진,제한없음,"농림축산식품부, 한국농수산식품유통공사",2025-04-04 ~ 2025-05-07,1천만원이하,200만원,
44,공공배달 통합포털 구축 공공배달 숏폼 공모전,웹/모바일/IT,제한없음,"농림축산식품부, 한국농수산식품유통공사",2025-04-04 ~ 2025-05-07,1천만원이하,200만원,
45,공공배달 통합포털 구축 공공배달 숏폼 공모전,예체능/미술/음악,제한없음,"농림축산식품부, 한국농수산식품유통공사",2025-04-04 ~ 2025-05-07,1천만원이하,200만원,
46,공공배달 통합포털 구축 공공배달 숏폼 공모전,대외활동/서포터즈,제한없음,"농림축산식품부, 한국농수산식품유통공사",2025-04-04 ~ 2025-05-07,1천만원이하,200만원,
47,[다이슨] 2025 국제 엔지니어링 및 디자인 공모전,기획/아이디어,"일반인, 대학생, 기타",제임스 다이슨 재단,2025-03-12 ~ 2025-07-16,5천만원이상,"30,000 파운드(한화 약 5,000만원)",
48,[다이슨] 2025 국제 엔지니어링 및 디자인 공모전,광고/마케팅,"일반인, 대학생, 기타",제임스 다이슨 재단,2025-03-12 ~ 2025-07-16,5천만원이상,"30,000 파운드(한화 약 5,000만원)",
49,[다이슨] 2025 국제 엔지니어링 및 디자인 공모전,디자인/캐릭터/웹툰,"일반인, 대학생, 기타",제임스 다이슨 재단,2025-03-12 ~ 2025-07-16,5천만원이상,"30,000 파운드(한화 약 5,000만원)",
50,[다이슨] 2025 국제 엔지니어링 및 디자인 공모전,웹/모바일/IT,"일반인, 대학생, 기타",제임스 다이슨 재단,2025-03-12 ~ 2025-07-16,5천만원이상,"30,000 파운드(한화 약 5,000만원)",
51,[다이슨] 2025 국제 엔지니어링 및 디자인 공모전,과학/공학,"일반인, 대학생, 기타",제임스 다이슨 재단,2025-03-12 ~ 2025-07-16,5천만원이상,"30,000 파운드(한화 약 5,000만원)",
52,[다이슨] 2025 국제 엔지니어링 및 디자인 공모전,건축/건설/인테리어,"일반인, 대학생, 기타",제임스 다이슨 재단,2025-03-12 ~ 2025-07-16,5천만원이상,"30,000 파운드(한화 약 5,000만원)",
53,민주공화국 영상공모전,광고/마케팅,제한없음,(사)민주·인권·평화를실천하는긴급조치사람들,2025-03-03 ~ 2025-05-10,3천만원~1천만원,300만원,
54,민주공화국 영상공모전,영상/UCC/사진,제한없음,(사)민주·인권·평화를실천하는긴급조치사람들,2025-03-03 ~ 2025-05-10,3천만원~1천만원,300만원,
55,민주공화국 영상공모전,웹/모바일/IT,제한없음,(사)민주·인권·평화를실천하는긴급조치사람들,2025-03-03 ~ 2025-05-10,3천만원~1천만원,300만원,
56,민주공화국 영상공모전,예체능/미술/음악,제한없음,(사)민주·인권·평화를실천하는긴급조치사람들,2025-03-03 ~ 2025-05-10,3천만원~1천만원,300만원,
57,민주공화국 영상공모전,대외활동/서포터즈,제한없음,(사)민주·인권·평화를실천하는긴급조치사람들,2025-03-03 ~ 2025-05-10,3천만원~1천만원,300만원,
58,제9회 소비자지향성 개선과제 공모전,기획/아이디어,제한없음,공정거래위원회 / 한국소비자원,2025-02-24 ~ 2025-05-31,1천만원이하,150만원,
59,제9회 소비자지향성 개선과제 공모전,광고/마케팅,제한없음,공정거래위원회 / 한국소비자원,2025-02-24 ~ 2025-05-31,1천만원이하,150만원,
60,제9회 소비자지향성 개선과제 공모전,논문/리포트,제한없음,공정거래위원회 / 한국소비자원,2025-02-24 ~ 2025-05-31,1천만원이하,150만원,
61,제9회 소비자지향성 개선과제 공모전,예체능/미술/음악,제한없음,공정거래위원회 / 한국소비자원,2025-02-24 ~ 2025-05-31,1천만원이하,150만원,
62,제9회 소비자지향성 개선과제 공모전,기타,제한없음,공정거래위원회 / 한국소비자원,2025-02-24 ~ 2025-05-31,1천만원이하,150만원,
63,2025년 장애학생 교육활동 실천 우수사례 공모전,논문/리포트,일반인,국립특수교육원,교육부,2025-03-31 ~ 2025-09-12,1천만원이하,300만원
64,하하호호 콘텐츠 공모전,광고/마케팅,제한없음,송파구청 / 송파구청 홍보담당관,2025-04-25 ~ 2025-05-31,1천만원이하,100만원,
65,2025 아름다운 우리말 이름 가게 찾기 공모전,네이밍/슬로건,제한없음,문화체육관광부  / 동아대학교 국어문화원,2025-04-28 ~ 2025-06-22,다양한 혜택,,
66,2025 해양콘텐츠공모전 (포스터·굿즈 디자인 공모전),디자인/캐릭터/웹툰,제한없음,부산광역시 / (사)한국해양산업협회,2025-04-21 ~ 2025-05-19,1천만원이하,300만원,
67,[한국경제인협회 기업가정신발전소] AIdentity 디자인 공모전,디자인/캐릭터/웹툰,제한없음,한국경제인협회 기업가정신발전소,.,2025-04-24 ~ 2025-05-18,1천만원이하,200만원
68,제20회 특허·상표 판례연구 논문 공모전,논문/리포트,"일반인, 대학생, 기타",특허청 특허심판원,2025-04-21 ~ 2025-09-22,1천만원이하,200만원,
69,[한국마약퇴치운동본부 인천함께한걸음센터] 2025년 세계마약퇴치의날 기념 공모전,예체능/미술/음악,기타,한국마약퇴치운동본부 인천함께한걸음센터,2025-04-10 ~ 2025-05-20,1천만원이하,100만원,
70,제주 수학여행 콘텐츠 공모전,영상/UCC/사진,청소년,(주)이벤트인제주,2025-04-21 ~ 2025-07-06,1천만원이하,30만원,
71,"2025년 환경의 날 기념 환경공모전 (슬로건, 숏폼영상 공모전)",예체능/미술/음악,기타,인천환경공단,2025-04-24 ~ 2025-05-23,1천만원이하,100만원,
72,2025 대한민국 고졸인재 채용엑스포 V-log 공모전,영상/UCC/사진,기타,"교육부, 한국장학재단 / 교육부, 한국장학재단, 한국경제신문",2025-04-17 ~ 2025-05-15,1천만원이하,50만원,
73,디지털 도로대장 활용 아이디어 공모전,기획/아이디어,제한없음,국토교통부 / 한국국토정보공사,2025-04-23 ~ 2025-06-05,1천만원이하,300만원,
74,[안산시지속가능발전협의회] 지속가능발전 전국 어린이 그림 공모전,예체능/미술/음악,"어린이, 기타",안산시지속가능발전협의회,2025-04-21 ~ 2025-05-16,다양한 혜택,,
75,2025 휴먼아시아 청소년 인권수필 공모전,문학/글/시나리오,"청소년, 기타",휴먼아시아,2025-04-21 ~ 2025-08-31,1천만원이하,100만원,
76,세종 나신 날 기념 제10회 어린이 한글 사랑 포스터 공모전,예체능/미술/음악,"어린이, 기타",문화체육관광부,2025-04-07 ~ 2025-05-09,다양한 혜택,,
77,2025 전남 섬‧해양 관광 콘텐츠 발굴 공모전,예체능/미술/음악,"일반인, 대학생, 기타",전라남도관광재단,2025-04-25 ~ 2025-05-26,1천만원이하,150만원,
78,제6회 기상청 달콤기후 공모전,예체능/미술/음악,제한없음,기상청,2025-04-23 ~ 2025-06-13,1천만원이하,200만원,
79,2025년 단양군 규제개혁 공모전,기획/아이디어,기타,단양군,2025-04-07 ~ 2025-05-09,1천만원이하,80만원,
80,2025 경기북부 치안개선 아이디어 공모전,기획/아이디어,기타,경기도북부자치경찰위원회,2025-04-21 ~ 2025-05-30,1천만원이하,100만원,
81,2025년 함평군 규제개혁 아이디어 공모전,기획/아이디어,기타,함평군,2025-04-07 ~ 2025-05-26,1천만원이하,500만원,
82,[충청북도소방본부] AI 119소방안전노래 공모전,예체능/미술/음악,"일반인, 대학생, 기타",충청북도소방본부,2025-04-21 ~ 2025-05-09,다양한 혜택,,
83,청도 온가족 사랑 사진·숏폼영상 공모전,영상/UCC/사진,기타,청도군,2025-04-07 ~ 2025-05-26,1천만원이하,100만원,
84,2025 대구 근대골목 일러스트 공모전,디자인/캐릭터/웹툰,제한없음,대구광역시 중구,2025-04-14 ~ 2025-09-30,1천만원이하,100만원,
85,제5회 부산 서구 정책 아이디어 공모전,기획/아이디어,제한없음,부산광역시 서구,2025-04-01 ~ 2025-05-30,1천만원이하,100만원,
86,해커스 그래머 게이트웨이 공모전,광고/마케팅,기타,해커스 교육그룹,2025-04-22 ~ 2025-05-31,1천만원이하,500만원,
87,나만의 픽! 전남화순 추천여행 코스 숏폼 영상 공모전,영상/UCC/사진,제한없음,화순군청,2025-04-18 ~ 2025-05-31,1천만원이하,100만원,
88,2025 여어디여 하동여행 사진공모전,영상/UCC/사진,제한없음,하동군청,2025-04-21 ~ 2025-06-20,1천만원이하,50만원,
89,2025년 목포시 시정발전 정책제안 공모전,기획/아이디어,제한없음,목포시,2025-04-21 ~ 2025-05-23,1천만원이하,100만원,
90,제 17회 전국 장애인 문학 공모전 (세상을 날다),문학/글/시나리오,제한없음,"인천국제공항공사, 기호일보 / 인천광역시중구장애인종합복지관",2025-04-21 ~ 2025-05-23,1천만원이하,150만원,
91,2025년 국제학술대회 홍보 포스터 공모전,예체능/미술/음악,기타,한국놀이치료학회,2025-04-21 ~ 2025-05-12,다양한 혜택,,
92,2025 혁신 스타트업 발굴 공모전 FutureScape,취업/창업,기타,삼성물산,2025-04-14 ~ 2025-05-06,다양한 혜택,,
93,제8회 고흥분청사기 전국 공모전,예체능/미술/음악,"일반인, 기타",고흥분청문화박물관,2025-04-14 ~ 2025-08-09,5천만원~3천만원,"1,000만원",
94,2025 충청북도 60초 영상 공모전,영상/UCC/사진,제한없음,충청북도,2025-04-14 ~ 2025-06-13,3천만원~1천만원,400만원,
95,고군산 섬잇길 굿즈 아이디어 공모전,기획/아이디어,제한없음,고군산,2025-04-23 ~ 2025-05-07,다양한 혜택,,
96,2025 장애인 IT 창업아이템 공모전,취업/창업,기타,"코스콤, 푸르메재단",2025-04-17 ~ 2025-05-15,다양한 혜택,,
97,2025 구로G페스티벌(아시아문화축제) 아이디어 공모전,기획/아이디어,제한없음,구로구,2025-04-14 ~ 2025-05-06,1천만원이하,30만원,
98,2025 남구 숏폼 영상 공모전,영상/UCC/사진,제한없음,대구광역시 남구,2025-04-15 ~ 2025-07-15,1천만원이하,100만원,
99,Ansys Simulation Challenge 2025 - 시뮬레이션 소프트웨어 활용 공모전,과학/공학,대학생,앤시스코리아,2025-04-14 ~ 2025-05-23,1천만원이하,300만원,
100,2025년 강릉시 규제혁신 아이디어 공모전,기획/아이디어,제한없음,강릉시,2025-04-15 ~ 2025-05-14,1천만원이하,50만원,
101,2025 유성구 영상·숏폼 공모전,영상/UCC/사진,제한없음,유성구청,2025-04-21 ~ 2025-08-24,1천만원이하,,
102,제17회 창원 그린엑스포 창원 환경 쇼츠영상 공모전,영상/UCC/사진,기타,창원YMCA,2025-04-24 ~ 2025-05-25,다양한 혜택,,
103,2025 스마트 조선해양 기술공모전,과학/공학,기타,"울산창조경제혁신센터, HD 현대중공업",2025-04-16 ~ 2025-05-23,3천만원~1천만원,"1,000만원",
104,대학생 창작 에세이 공모전,문학/글/시나리오,대학생,아로새김,2025-04-20 ~ 2025-05-31,1천만원이하,,
105,제1회 픽콕어워즈 릴스 콘텐츠 공모전,광고/마케팅,제한없음,제이비스퀘어,2025-04-10 ~ 2025-05-14,다양한 혜택,,
106,제12회 해양수산 비즈니스･공공서비스 공모전,기획/아이디어,제한없음,해양수산부,2025-04-18 ~ 2025-06-20,1천만원이하,,
107,제4회 경기도 인권 작품공모전,예체능/미술/음악,제한없음,경기도,2025-04-15 ~ 2025-06-13,3천만원~1천만원,200만원,
108,2025년 재난안전산업 신기술 공모전,과학/공학,기타,광주광역시,2025-04-10 ~ 2025-06-18,1천만원이하,300만원,
109,제1회 망우열전 대본공모전,문학/글/시나리오,제한없음,중랑문화재단,2025-04-01 ~ 2025-10-31,1천만원이하,400만원,
110,2025년 한일병원 어린이 그림 공모전,디자인/캐릭터/웹툰,어린이,한전의료재단 한일병원,2025-04-21 ~ 2025-05-26,1천만원이하,,
111,루솔 완밥특공대 루루팡 로고송 공모전,예체능/미술/음악,제한없음,에르코스,2025-04-14 ~ 2025-06-01,1천만원이하,100만원,
112,2025 제 1회 SPERRY 신발 디자인 공모전,디자인/캐릭터/웹툰,"일반인, 대학생",주식회사 크리드네트웍스,2025-04-18 ~ 2025-05-31,1천만원이하,300만원,
113,2025 현실 광산 라이프 나 광산 산다 광산구 홍보 영상 공모전,영상/UCC/사진,제한없음,광산구청,2025-04-18 ~ 2025-06-16,1천만원이하,200만원,
114,제11회 철도문학상 공모전,문학/글/시나리오,"제한없음, 기타",국토교통부,2025-04-21 ~ 2025-06-01,3천만원~1천만원,300만원,
115,2025 광주광역시 관광활성화 관광상품 공모전,예체능/미술/음악,기타,한국관광공사,2025-04-21 ~ 2025-05-09,다양한 혜택,,
116,해커스 그래머 게이트웨이 광고 공모전,광고/마케팅,제한없음,해커스톡,2025-04-16 ~ 2025-05-31,1천만원이하,500만원,
117,2025 서울교통공사 사진·캘리그라피 공모전,영상/UCC/사진,"일반인, 대학생",서울교통공사,2025-04-18 ~ 2025-05-08,3천만원~1천만원,300만원,
118,독한공부입시학원의 새로운 이름을 찾아주세요 (네이밍 공모전),네이밍/슬로건,기타,독한공부입시학원,2025-04-14 ~ 2025-05-06,1천만원이하,100만원,
119,2025년 우리가 바라는 안전한 학교 공모전,예체능/미술/음악,제한없음,교육부 외,2025-04-03 ~ 2025-05-30,3천만원~1천만원,100만원,
120,현실공포 단편소설 공모전 (제1회 소설 공모전),문학/글/시나리오,"제한없음, 기타",하이스트 출판사,2025-04-17 ~ 2025-05-08,1천만원이하,200만원,
121,2025 희망달서 사진공모전,영상/UCC/사진,제한없음,대구광역시 달서구,2025-04-21 ~ 2025-06-02,1천만원이하,150만원,
122,2025년 지역학 콘텐츠 공모전 (제5회 옛 서구마을 상상화 그리기대회),예체능/미술/음악,"어린이, 기타",인천광역시 서구문화원,"인천광역시 서구/ 협찬 : 인천광역시 서구의회, 인천서부교육지원청",2025-04-14 ~ 2025-05-14,다양한 혜택,
123,2025 애니메이션 기획개발 공모전,예체능/미술/음악,기타,한국콘텐츠진흥원,2025-04-18 ~ 2025-05-15,다양한 혜택,,
124,제7회 토양사랑 사진 공모전,영상/UCC/사진,제한없음,사단법인 한국토양비료학회,2025-04-21 ~ 2025-06-30,1천만원이하,50만원,
125,2025 울산대학교 마스코트 캐릭터 공모전,디자인/캐릭터/웹툰,제한없음,울산대학교 ,2025-04-17 ~ 2025-05-22,1천만원이하,400만원,
126,"제24회 흥남철수 거제평화문학상 공모전 작품(독후감, 시, 수필)",문학/글/시나리오,제한없음,"거제문화예술재단, 거암(巨巖)문화재단",2025-04-10 ~ 2025-09-30,1천만원이하,200만원,
127,"2025년 이형기문학제 (디카시, 시낭송, 문학상) 공모전",문학/글/시나리오,"제한없음, 기타",이형기시인기념사업회,2025-04-01 ~ 2025-05-15,다양한 혜택,,
128,2025 국민생각함 정책 아이디어 공모전,기획/아이디어,"일반인, 대학생, 청소년, 기타",국민권익위원회,2025-04-14 ~ 2025-06-13,1천만원이하,100만원,
129,제3회 정읍 웹툰 공모전,디자인/캐릭터/웹툰,제한없음,정읍시,2025-04-14 ~ 2025-06-30,1천만원이하,500만원,
130,2025년 제3회 수목원·식물원 우수교육프로그램 공모전,기타,기타,한국수목원정원관리원,2025-04-09 ~ 2025-05-08,1천만원이하,200만원,
131,2025년도 제40회 은평구 어린이 글짓기・그리기 공모전,예체능/미술/음악,"어린이, 기타",은평구,2025-04-16 ~ 2025-05-09,다양한 혜택,,
132,제4회 서울특별시의회 청년 학술논문 공모전,논문/리포트,"일반인, 대학생, 기타",서울특별시의회,2025-04-09 ~ 2025-09-30,1천만원이하,200만원,
133,여수시도시관리공단 2025년 지역소멸･저출생 극복 아이디어 공모전,기획/아이디어,제한없음,여수시도시관리공단,2025-04-15 ~ 2025-05-14,1천만원이하,15만원,
134,제5회 희망플러스 출생 장려 수기 공모전,문학/글/시나리오,제한없음,한국출산장려진흥회,2025-04-15 ~ 2025-05-25,1천만원이하,100만원,
135,"2025 한국안데르센상 작품공모전 (창작동화&동시, 그림책 부문)",예체능/미술/음악,기타,아이코리아,2025-04-17 ~ 2025-06-20,3천만원~1천만원,500만원,
136,2025 순환경제 아이디어 공모전,기획/아이디어,제한없음,"산업통상자원부, 한국생산기술연구원",2025-04-14 ~ 2025-05-23,1천만원이하,300만원,
137,2025 생활안전 아이디어 공모전,기획/아이디어,제한없음,행정안전부,2025-04-16 ~ 2025-05-16,다양한 혜택,,
138,[윤상원기념사업회] 2025 윤상원 기억과 실천 청소년 짧은 영상 작품 공모전,영상/UCC/사진,기타,윤상원기념사업회,2025-04-07 ~ 2025-05-09,1천만원이하,100만원,
139,[한국아카이브재단] 제1회 아카이브 아이디어 공모전,기획/아이디어,기타,한국아카이브재단,2025-04-15 ~ 2025-05-23,1천만원이하,200만원,
140,여성활동플랫폼 홍보 영상 공모전 (기간연장),영상/UCC/사진,제한없음,경기도여성비전센터,2025-04-14 ~ 2025-05-16,1천만원이하,100만원,
141,2025년 충남관광 사진·영상 공모전,영상/UCC/사진,제한없음,충남도청,2025-04-15 ~ 2025-09-30,3천만원~1천만원,250만원,
142,국립대구과학관 2025년 제5회 과학영상콘텐츠 공모전,영상/UCC/사진,"대학생, 청소년, 기타",국립대구과학관,2025-04-16 ~ 2025-06-15,1천만원이하,150만원,
143,해군 창설 80주년 계기 해군 홍보 물품 공모전,예체능/미술/음악,제한없음,해군본부,2025-04-21 ~ 2025-05-23,1천만원이하,300만원,
144,2025 충북 관광 활성화 콘텐츠 공모전(광고디자인),디자인/캐릭터/웹툰,제한없음,충청북도 / 충북문화재단,2025-04-21 ~ 2025-05-23,1천만원이하,300만원,
145,[이천경찰서] 학교폭력 및 청소년범죄 예방 포스터·표어 공모전,예체능/미술/음악,기타,이천경찰서,2025-04-07 ~ 2025-05-06,다양한 혜택,,
146,청소년 도박근절 콘텐츠 공모전,예체능/미술/음악,청소년,"사행산업통합감독위원회, 강원랜드",2025-04-15 ~ 2025-05-31,1천만원이하,200만원,
147,인쇄산업 역사사진 공모전,영상/UCC/사진,제한없음,서울특별시인쇄정보산업협동조합,2025-04-14 ~ 2025-07-31,1천만원이하,50만원,
148,2025 TS 교통안전 서포터즈 공모전,대외활동/서포터즈,대학생,한국교통안전공단,2025-04-14 ~ 2025-05-11,3천만원~1천만원,500만원,
149,도민과 함께하는 CDC 혁신아이디어 제안 공모전,기획/아이디어,"대학생, 기타",충청남도개발공사,2025-04-14 ~ 2025-05-23,1천만원이하,100만원,
150,2025 뚜비와 함께하는 전국 어린이 민화 글ㆍ그림 공모전,예체능/미술/음악,"어린이, 기타",박물관ㆍ수,2025-04-12 ~ 2025-06-11,다양한 혜택,,
151,2025 안동 MICE 행사 기획 공모전,기획/아이디어,대학생,"한국관광공사, 안동시, 한국정신문화재단(안동국제컨벤션센터) / 경희컨벤션학회",2025-04-16 ~ 2025-06-02,1천만원이하,300만원,
152,"2025 춘천여행 SNS 공모전 (함께 가고 싶은 도시, Romantic 춘천)",영상/UCC/사진,제한없음,춘천시 / 위드이노베이션,2025-04-01 ~ 2025-11-20,1천만원이하,30만원,
153,2025년 화성특례시 특별한 아이디어 공모전 (화성특특),기획/아이디어,기타,화성특례시,2025-04-08 ~ 2025-05-16,1천만원이하,100만원,
154,2025 운곡람사르습지 사진 공모전,영상/UCC/사진,제한없음,고창군,2025-04-01 ~ 2025-07-31,1천만원이하,200만원,
155,제1회 안전한 대한민국 영상 공모전,영상/UCC/사진,제한없음,대한산업안전협회,2025-04-14 ~ 2025-06-08,1천만원이하,300만원,
156,"우리 가족이 최고 공모전 (가족을 이루다, 미래를 잇다)",기타,제한없음,대구광역시교육청,2025-04-14 ~ 2025-05-16,1천만원이하,200만원,
157,CCF 2025 지속 가능한 K-Style 영상·소통 공모전,영상/UCC/사진,제한없음,한국이미지커뮤니케이션연구원,2025-03-20 ~ 2025-05-30,1천만원이하,150만원,
158,2025년 대전광역시 감정노동존중 수기공모전 Ⅳ,문학/글/시나리오,"일반인, 대학생, 기타",대전광역시노동권익센터,2025-04-01 ~ 2025-05-07,1천만원이하,100만원,
159,2025년 경상남도 빅데이터 분석 공모전,웹/모바일/IT,제한없음,경남빅데이터센터,경상남도,2025-04-07 ~ 2025-06-02,1천만원이하,200만원
160,2025년 청렴중구 콘텐츠 공모전,영상/UCC/사진,"일반인, 대학생",서울특별시중구,2025-04-14 ~ 2025-05-16,1천만원이하,,
161,제30회 바다의 날 콘텐츠 공모전,예체능/미술/음악,제한없음,해양수산부 / (재)한국해양재단,2025-04-10 ~ 2025-05-08,1천만원이하,100만원,
162,2025년 학생 치매인식개선 숏폼 영상 공모전,영상/UCC/사진,"대학생, 청소년, 어린이",서울특별시 광역치매센터,2025-04-01 ~ 2025-06-08,1천만원이하,100만원,
163,2025년 서대문구 규제개혁 공모전,기획/아이디어,기타,서대문구,2025-04-03 ~ 2025-05-09,1천만원이하,50만원,
164,제21회 중랑신춘문예 공모전,문학/글/시나리오,"제한없음, 기타",중랑구,2025-03-03 ~ 2025-05-30,1천만원이하,70만원,
165,금천형 주민자치 미래발전정책 경진대회 공모전,기타,"일반인, 대학생",금천구청,2025-04-15 ~ 2025-05-30,1천만원이하,,
166,2025년 환경 사진·웹툰 콘텐츠 공모전,예체능/미술/음악,"청소년, 어린이, 기타",화성시환경재단,2025-04-10 ~ 2025-05-18,다양한 혜택,,
167,2025 PHOTOGRAY APP 대학생 아이디어 공모전,기획/아이디어,대학생,주식회사 에이피알,2025-04-07 ~ 2025-05-25,3천만원~1천만원,"1,000만원",
168,제13회 공공데이터 활용 아이디어 공모전,기획/아이디어,"일반인, 대학생, 기타","산업통상자원부 / 한국전력공사, 대한무역투자진흥공사, 한국가스공사, 한국석유공사, 한국수력원자력, 한국지역난",한국산업지능화협회,2025-04-14 ~ 2025-07-14,다양한 혜택,"1,500만원"
169,2025 양평의병 콘텐츠 공모전,예체능/미술/음악,제한없음,양평의병기념사업회,2025-04-21 ~ 2025-05-20,1천만원이하,,
170,제6회 MDF 패션디자인 공모전,디자인/캐릭터/웹툰,"대학생, 기타",MD재단,2025-04-07 ~ 2025-05-07,다양한 혜택,,
171,청소년 창작 동화 공모전 (소리로 그린 동화),문학/글/시나리오,청소년,전라남도청소년수련원,2025-04-09 ~ 2025-05-30,1천만원이하,20만원,
172,2025년 담양군 규제혁신 아이디어 공모전,기획/아이디어,"제한없음, 기타",담양군,2025-04-07 ~ 2025-05-30,1천만원이하,50만원,
173,캐롯 세상에 없던 보험 만들기 공모전,광고/마케팅,제한없음,캐롯손해보험,2025-04-08 ~ 2025-05-09,3천만원~1천만원,200만원,
174,제9회 개방형 클라우드 플랫폼(K-PaaS) 활용 공모전,웹/모바일/IT,제한없음,과학기술정보통신부 / 한국지능정보사회진흥원,"NAVER CLOUD, KT CLOUD, NHN CLOUD, OPA, KACI, CCCR, OPDC, 숭실대학교스파르탄SW교육원",2025-03-24 ~ 2025-10-31,5천만원~3천만원,500만원
175,제2회 법정스님과 함께하는 땅끝해남 행복에세이 공모전,문학/글/시나리오,제한없음,도서출판 북산,해남군,2025-04-11 ~ 2025-06-10,1천만원이하,
176,2025 고흥군 지방세외수입 확충 제안(아이디어) 공모전,기획/아이디어,기타,고흥군,2025-04-07 ~ 2025-05-09,1천만원이하,100만원,
177,내가 만난 울주 이야기 공모전 (2025 울주 이바구),문학/글/시나리오,제한없음,울주문화재단,2025-04-09 ~ 2025-06-29,3천만원~1천만원,200만원,
178,제5회 호남학산책 원고 공모전,문학/글/시나리오,제한없음,(재)한국학호남진흥,2025-04-11 ~ 2025-05-09,1천만원이하,150만원,
179,2025 제1회 KOFICE 한류 데이터 페어 대학(원)생 공모전,논문/리포트,"일반인, 대학생, 기타",(재)한국국제문화교류진흥원,2025-04-07 ~ 2025-05-07,1천만원이하,200만원,
180,인생아구찜 캐릭터 공모전,디자인/캐릭터/웹툰,제한없음,인생푸드,2025-04-08 ~ 2025-05-06,1천만원이하,100만원,
181,2025년 서울특별시 수해 예방 콘텐츠 공모전,예체능/미술/음악,제한없음,서울특별시,2025-04-09 ~ 2025-05-06,1천만원이하,100만원,
182,2025 광주 방문의 해 관광 상품(굿즈) 아이디어 공모전,예체능/미술/음악,제한없음,광주디자인진흥원,2025-04-03 ~ 2025-05-08,1천만원이하,100만원,
183,현대아파트 공모전,영상/UCC/사진,제한없음,현대건설,2025-04-07 ~ 2025-05-16,1천만원이하,100만원,
184,2025년 경기도서관 크리에이티브 시너지 공모전,예체능/미술/음악,제한없음,경기도,2025-04-09 ~ 2025-06-30,3천만원~1천만원,300만원,
185,"펄어비스 게임 제작 공모전 (만들어봐, 나만의 모험!)",게임/소프트웨어,"일반인, 대학생",펄어비스,2025-03-18 ~ 2025-05-21,1천만원이하,200만원,
186,2025년 제 3회 아이스토리 그림·포스터 공모전,예체능/미술/음악,"어린이, 기타",울산남부아동보호전문기관,2025-04-04 ~ 2025-05-30,다양한 혜택,,
187,공동사업 비즈니스 모델 공모전,기획/아이디어,제한없음,중소기업중앙회,2025-04-07 ~ 2025-05-30,3천만원~1천만원,300만원,
188,"일러스트코리아 작품 공모전 Delight Memory , The Incheon 작품 공모",디자인/캐릭터/웹툰,제한없음,인천광역시,2025-04-09 ~ 2025-05-23,1천만원이하,50만원,
189,제2회 대한민국 인구 페스티벌(2025) 그림 정책제안 공모전,예체능/미술/음악,기타,인구보건복지협회,2025-03-31 ~ 2025-05-09,3천만원~1천만원,,
190,[함께하는 강남] 콘텐츠 공모전,예체능/미술/음악,제한없음,강남구청,2025-04-07 ~ 2025-05-11,다양한 혜택,,
191,해양교통안전 라디오 콘텐츠 공모전,영상/UCC/사진,제한없음,해양수산부 / 한국해양교통안전공단,2025-04-07 ~ 2025-05-09,1천만원이하,100만원,
192,지방교육 숏폼 영상 공모전 (나도 지방재정 숨은 크리에이터),영상/UCC/사진,기타,한국지방재정공제회,2025-04-07 ~ 2025-05-18,1천만원이하,150만원,
193,3rd 현대퓨처넷 미디어아트 프로젝트 공모전,예체능/미술/음악,기타,현대퓨처넷,2025-04-08 ~ 2025-05-11,다양한 혜택,,
194,공공배달 통합포털 구축 공공배달 숏폼 공모전,영상/UCC/사진,제한없음,"농림축산식품부, 한국농수산식품유통공사",2025-04-04 ~ 2025-05-07,1천만원이하,200만원,
195,김해시 2025 인구정책 숏폼 공모전,영상/UCC/사진,제한없음,김해시,2025-04-01 ~ 2025-05-09,1천만원이하,100만원,
196,2025년 울산광역시 규제개혁 아이디어 공모전,기획/아이디어,제한없음,울산광역시,2025-04-07 ~ 2025-05-23,1천만원이하,100만원,
197,두란노 45주년 기념 생명의삶 표지 사진 공모전,영상/UCC/사진,기타,두란노서원,2025-04-01 ~ 2025-06-30,1천만원이하,200만원,
198,제5회 (사)한국미술교육협회 꿈꾸는 미래 미술 공모전,예체능/미술/음악,청소년,사단법인 한국미술교육협회,"아트앤디자인, 신한화구",2025-04-16 ~ 2025-05-30,1천만원이하,100만원
199,2025년 1차 장애인식개선 캠페인 이름 공모전,네이밍/슬로건,제한없음,경상남도장애인종합복지관,2025-04-01 ~ 2025-05-09,다양한 혜택,,
200,퇴촌토마토거리축제 굿즈 공모전,예체능/미술/음악,"일반인, 기타",퇴촌토마토축제운영위원회,2025-04-02 ~ 2025-05-07,다양한 혜택,,
201,2025 중구생활문화센터 주민 휴대전화 사진공모전 (우리동네 휴대전화 사진 공모전),영상/UCC/사진,제한없음,울산중구생활문화센터,2025-04-01 ~ 2025-06-22,다양한 혜택,,
202,제16회 우장춘 박사를 아세요 어린이 농업·농촌 글짓기 공모전,문학/글/시나리오,"어린이, 기타",농천진흥청 국립원예특작과학원,2025-03-31 ~ 2025-05-30,다양한 혜택,,
203,제2회 전북 기업사랑 사진 동영상 공모전,영상/UCC/사진,제한없음,전주상공회의소,2025-04-01 ~ 2025-07-31,1천만원이하,200만원,
204,제7회 전국학생 재난구호안전 미술 공모전 대회,예체능/미술/음악,"어린이, 기타",대한재난구호안전봉사회,2025-04-01 ~ 2025-05-26,다양한 혜택,,
205,2025년도 제12회 환경데이터 활용 및 분석 공모전,과학/공학,"일반인, 대학생","환경부 / 한국환경공단, 한국환경산업기술원",2025-04-07 ~ 2025-05-19,5천만원~3천만원,600만원,
206,영천시장애인종합복지관 2025년 장애인식개선 포스터 · 글짓기 공모전,예체능/미술/음악,기타,영천시장애인종합복지관,2025-04-01 ~ 2025-05-16,다양한 혜택,,
207,2025년 서초뮤직앤아트페스티벌 숏폼 영상 공모전,영상/UCC/사진,제한없음,서초구 / 서초문화재단,2025-04-01 ~ 2025-05-08,1천만원이하,100만원,
208,제4회 경북장애인복지관협회 장애인 사생대회 공모전,예체능/미술/음악,기타,경상북도장애인복지관협회 / 경상북도여성장애인복지관,경상북도,2025-03-31 ~ 2025-05-09,1천만원이하,
209,제26회 도산안창호 글짓기 및 독후감 공모전,문학/글/시나리오,제한없음,도산안창호선생기념사업회,2025-04-01 ~ 2025-09-30,1천만원이하,50만원,
210,제28회 제주특별자치도 관광기념품 공모전,예체능/미술/음악,"일반인, 대학생, 기타",제주특별자치도 / (사)제주특별자치도관광협회,2025-04-28 ~ 2025-05-09,3천만원~1천만원,500만원,
211,2025년 알레르기질환 예방관리 UCC 공모전,영상/UCC/사진,기타,"질병관리청, 경상남도",2025-03-04 ~ 2025-10-31,1천만원이하,20만원,
212,세계금연의날 기념 제2회 국립암센터 청소년 금연 포스터 공모전,디자인/캐릭터/웹툰,기타,국립암센터,2025-04-07 ~ 2025-05-30,다양한 혜택,,
213,2025년 한국전력공사 경남본부 신문광고 공모전,광고/마케팅,제한없음,한국전력공사 경남본부,2025-04-07 ~ 2025-05-16,1천만원이하,100만원,
214,2025 고맙다양양 영상 공모전,영상/UCC/사진,제한없음,양양군청,2025-04-01 ~ 2025-08-31,1천만원이하,200만원,
215,제12회 오장환 신인문학상 공모전,문학/글/시나리오,제한없음,"오장환 문학상 운영위원회 / 보은군청, 보은문화원",2025-04-01 ~ 2025-06-30,1천만원이하,500만원,
216,2025 영월 뉴트로드 영상 배틀 공모전,영상/UCC/사진,"일반인, 대학생, 기타",오마이필름,2025-04-21 ~ 2025-05-26,1천만원이하,400만원,
217,[광주 신세계안과] 제41회 빛창공모전 (여름편 공모),문학/글/시나리오,제한없음,신세계안과,2025-04-03 ~ 2025-05-16,1천만원이하,30만원,
218,2025 제4회 음주환경 개선 청년 아이디어 공모전,기획/아이디어,"일반인, 대학생",대구동구보건소 / 대구동구중독관리통합지원센터,2025-04-01 ~ 2025-07-16,1천만원이하,80만원,
219,2025 생탁 영상광고 공모전,광고/마케팅,일반인,주식회사 에스티물산 / 부산합동양조,2025-04-01 ~ 2025-05-10,1천만원이하,,
220,2025 아주 글로벌 아트페어 공모전,예체능/미술/음악,제한없음,아주경제 / 국제신문방송미디어교류협회,아주글로벌교류협회,2025-04-21 ~ 2025-05-25,다양한 혜택,
221,제16회 2충1효 전국백일장 공모전,문학/글/시나리오,제한없음,적돌문학회/한국청소년보호연맹 충남연맹 / 교육타임즈,충청남도·충청남도의회·충남교육청·태안군·한국서부발전·한국타이어·현대도시개발·CTN,2025-04-07 ~ 2025-06-09,1천만원이하,
222,2025 주소정보 활용 대국민 공모전,광고/마케팅,제한없음,행정안전부 / 한국국토정보공사,2025-03-31 ~ 2025-06-30,1천만원이하,,
223,2026 여수세계섬박람회 기타수익사업 아이디어 공모전,기획/아이디어,제한없음,(재)2026여수세계섬박람회조직위원회 / 여수시,2025-03-31 ~ 2025-05-19,1천만원이하,200만원,
224,제8회 최충문학상 전국공모전,문학/글/시나리오,제한없음,사)최충선생기념사업회 / 사)한국문인협회 오산지부,오산시,2025-04-15 ~ 2025-06-15,1천만원이하,
225,다함께 같이! 가치 있는! 병역이야기 공모전,예체능/미술/음악,제한없음,병무청,2025-03-27 ~ 2025-06-26,3천만원~1천만원,300만원,
226,네 이야기를 들려줄래 1분 숏츠 공모전,영상/UCC/사진,제한없음,사단법인 세계시민포럼,한미약품(주),2025-03-28 ~ 2025-05-07,1천만원이하,30만원
227,2025 장애인식개선 글그림 공모전 (편견을 깨는 울림),예체능/미술/음악,"청소년, 어린이, 기타",울산광역시장애인종합복지관,"울산광역시교육청, 울산경찰청, 울산아동문학인협회, 울산미술협회",2025-04-01 ~ 2025-05-16,다양한 혜택,
228,제3회 청백리 최만리 시조문학상 전국공모전,문학/글/시나리오,제한없음,해동공자최충선생기념사업회,2025-04-01 ~ 2025-05-31,1천만원이하,100만원,
229,제6회 가정의달 손편지 공모전,문학/글/시나리오,"제한없음, 기타",경인일보,2025-03-25 ~ 2025-05-16,1천만원이하,,
230,2025 한국부식방식학회 제6회 부식 사례 포스터 공모전,과학/공학,"일반인, 대학생",(사)한국부식방식학회,-,2025-04-01 ~ 2025-09-22,1천만원이하,100만원
231,2025 대학알리미 데이터 아이디어 공모전,기획/아이디어,"일반인, 대학생, 청소년, 기타",교육부,2025-04-28 ~ 2025-06-05,1천만원이하,200만원,
232,노후된 도시에서 미래를 담은 도시로! 미래도시 설계·영상 공모전,건축/건설/인테리어,"제한없음, 기타",국토교통부,2025-04-01 ~ 2025-05-21,1천만원이하,200만원,
233,제1회 계단문학상 공모전,문학/글/시나리오,"일반인, 대학생",부산 동구청,2025-03-24 ~ 2025-05-12,3천만원~1천만원,,
234,매경미디어그룹 AI 영상광고·숏폼 공모전,광고/마케팅,기타,매경미디어그룹 / (주)스튜디오프리윌루전,"동국제약, 예스24,달바 ",2025-04-07 ~ 2025-05-07,5천만원~3천만원,500만원
235,2025년 학교 밖 청소년 지원 사업 홍보 콘텐츠 공모전,광고/마케팅,제한없음,한국청소년상담복지개발원,2025-03-20 ~ 2025-05-30,1천만원이하,200만원,
236,2025년 안전한 교통문화 만들기 홍보영상 공모전,영상/UCC/사진,제한없음,충남경찰청,"충남교육청, 충남자치경찰위원회, 한국도로교통공단 대전세종충남지부",2025-03-01 ~ 2025-05-31,다양한 혜택,
237,2026 태안국제원예치유박람회 마스코트 공모전,예체능/미술/음악,제한없음,태안국제원예치유박람회조직위원회,2025-03-26 ~ 2025-05-14,3천만원~1천만원,500만원,
238,2025년 화성시 대학(원)생 도시데이터 연구공모전,논문/리포트,"일반인, 대학생",화성시청,2025-03-24 ~ 2025-05-23,1천만원이하,300만원,
239,제8회 노인인권사진공모전 (따뜻한시선으로 다정한 손길로),영상/UCC/사진,제한없음,전라남도 / 전라남도서부노인보호전문기관,2025-03-25 ~ 2025-05-14,1천만원이하,30만원,
240,제8회 제주국제드론필름페스티벌 공모전 출품작 모집,영상/UCC/사진,제한없음,JIBS,2025-03-18 ~ 2025-07-11,다양한 혜택,800만원,
241,2025년 전북특별자치도 인구정책 콘텐츠 공모전,예체능/미술/음악,기타,전북특별자치도,2025-04-01 ~ 2025-05-09,1천만원이하,120만원,
242,2025년 대구 북구 혁신정책 제안 공모전,기획/아이디어,제한없음,대구광역시 북구,2025-04-28 ~ 2025-05-30,1천만원이하,200만원,
243,[방과후버튜버] 방과후 연습생 4컷 만화 공모전,디자인/캐릭터/웹툰,제한없음,방과후버튜버,2025-03-21 ~ 2025-05-31,다양한 혜택,,
244,발걸음이 머무는 나만의 여행지 공모전,기획/아이디어,제한없음,대구광역시 북구,2025-04-01 ~ 2025-05-30,1천만원이하,100만원,
245,제13회 동남권원자력의학원 암수기 공모전,문학/글/시나리오,제한없음,동남권원자력의학원,2025-03-21 ~ 2025-05-21,1천만원이하,100만원,
246,2025 해양환경측정망 자료 활용 논문 공모전,논문/리포트,"일반인, 대학생, 기타",해양수산부,2025-03-24 ~ 2025-05-30,1천만원이하,300만원,
247,2025년 지식재산 정보정책 대국민 아이디어 공모전,기획/아이디어,제한없음,특허청,2025-03-24 ~ 2025-05-23,1천만원이하,200만원,
248,제15회 벽산예술상 희곡상 공모전,문학/글/시나리오,기타,벽산문화재단,2025-03-11 ~ 2025-07-31,1천만원이하,"1,000만원",
249,2025 춘계통합학회 업무용 모바일 앱 · ERP 아이디어 공모전,웹/모바일/IT,대학생,(주)영림원소프트랩 / 한국경영정보학회,2025-03-19 ~ 2025-05-07,1천만원이하,200만원,
250,2025년 아이돌봄서비스 수기 & 캐릭터 공모전,예체능/미술/음악,기타,여성가족부,2025-03-24 ~ 2025-05-19,1천만원이하,50만원,
251,제58회 단종문화제 관광상품 아이디어 공모전,기획/아이디어,제한없음,영월문화관광재단,2025-02-27 ~ 2025-05-20,1천만원이하,200만원,
252,제17회 전국 세대공감 사랑과 효 청소년 글·그림·엽서 공모전,예체능/미술/음악,청소년,사단법인 한국효문화센터,2025-04-01 ~ 2025-05-16,1천만원이하,,
253,제10회 지방자치분권·균형발전 실현 정책제안 공모전,기획/아이디어,"일반인, 대학생","부산일보사,지방분권균형발전 부산시민연대 / 사)시민정책공방, 사)분권균형",BNK부산은행,2025-03-18 ~ 2025-10-15,1천만원이하,300만원
254,2025년 성북동숲속야영장 사진 공모전,영상/UCC/사진,기타,대전광역시 유성구,2025-03-01 ~ 2025-10-31,다양한 혜택,,
255,공군부대 공간혁신구역 선도사업지 시민 아이디어 공모전,기획/아이디어,제한없음,금천구,2025-03-20 ~ 2025-05-30,1천만원이하,500만원,
256,패스프리 로고 디자인 공모전,디자인/캐릭터/웹툰,"일반인, 대학생, 청소년",(주) 패스프리,2025-04-01 ~ 2025-07-31,1천만원이하,200만원,
257,부산광역시 북구 관광콘텐츠 아이디어 공모전,기획/아이디어,제한없음,부산광역시 북구,2025-03-24 ~ 2025-05-23,1천만원이하,50만원,
258,스포애니송 챌린지 공모전,예체능/미술/음악,제한없음,(주)케이디헬스케어 / 스포애니 마케팅팀,2025-03-17 ~ 2025-05-09,3천만원~1천만원,500만원,
259,2025년 여성가족부 AI·데이터 융복합 아이디어 및 분석활용 공모전,기획/아이디어,제한없음,여성가족부 / (주)리스트,2025-03-17 ~ 2025-05-09,1천만원이하,,
260,내러티브 게임 개발 공모전 - 네오위즈 퀘스트 (NEOWIZ QUEST),게임/소프트웨어,"일반인, 대학생, 청소년, 기타",네오위즈,2025-03-11 ~ 2026-01-16,5천만원이상,1억원,
261,2025 논산문학제 캘리그라피 공모전,예체능/미술/음악,제한없음,논산문화원,2025-03-17 ~ 2025-08-22,1천만원이하,100만원,
262,제12회 광융합 기술사업화 아이디어 및 제품디자인 공모전,과학/공학,제한없음,한국광기술원 / 한국광기술원,"전자신문사, 한국광융합산업진흥회, 한국조명전기설비학회, 광주디자인진흥원",2025-03-03 ~ 2025-06-27,3천만원~1천만원,150만원
263,손해배상책임연구 창간호 발간 기념 논문 공모전,논문/리포트,제한없음,자동차손해배상진흥원,2025-03-04 ~ 2025-05-09,1천만원이하,100만원,
264,2025년 제1회 방송통신위원회 공공데이터 분석‧활용 공모전,과학/공학,제한없음,방송통신위원회,2025-03-17 ~ 2025-06-30,1천만원이하,,
265,2025 종갓집 상상디자인 공모전,디자인/캐릭터/웹툰,제한없음,울산광역시 중구,2025-02-14 ~ 2025-06-30,1천만원이하,200만원,
266,2025년 공무원연금공단 국민 참여 홍보 콘텐츠 공모전 (기간연장),예체능/미술/음악,제한없음,공무원연금공단,2025-03-10 ~ 2025-05-30,1천만원이하,50만원,
267,2025년 제4회 전기안전 국민 공모전,기획/아이디어,제한없음,산업통상자원부,2025-03-17 ~ 2025-05-11,3천만원~1천만원,400만원,
268,2025 제1회 한국게임학회 전국 대학생 디지털아트 공모전,디자인/캐릭터/웹툰,대학생,(사)한국게임학회,2025-03-15 ~ 2025-05-11,1천만원이하,30만원,
269,2025 청강 패션뷰티스타일 공모전,예체능/미술/음악,청소년,청강문화산업대학교 / 청강문화산업대학교 패션뷰티스타일스쿨,"슈바넨가르텐, 꼼나나, 베테제, 위위아뜰리에바이서옥, 수 스타일, 화이트채플, (주)리즈케이",2025-03-17 ~ 2025-08-08,1천만원이하,100만원
270,2025년 성남시 공공데이터 활용분석 아이디어 공모전,기획/아이디어,제한없음,성남시,2025-04-14 ~ 2025-05-14,1천만원이하,300만원,
271,이다 생명문화 출판 콘텐츠 공모전 2025,문학/글/시나리오,제한없음,환경과생명문화재단 이다,2025-03-07 ~ 2025-06-30,3천만원~1천만원,700만원,
272,천지창조 공모전 - 노벨피아 웹소설 공모전,문학/글/시나리오,제한없음,(주) 메타크래프트,2025-04-07 ~ 2025-05-06,5천만원이상,"3,000만원",
273,[다이슨] 2025 국제 엔지니어링 및 디자인 공모전,디자인/캐릭터/웹툰,"일반인, 대학생, 기타",제임스 다이슨 재단,2025-03-12 ~ 2025-07-16,5천만원이상,"30,000 파운드(한화 약 5,000만원)",
274,2025년 상반기 속초시시설관리공단 주민참여 혁신아이디어 공모전,기획/아이디어,기타,속초시시설관리공단,2025-03-04 ~ 2025-06-30,1천만원이하,50만원,
275,2025 알아가고 그려보는 장애인식개선 그림 공모전,예체능/미술/음악,"어린이, 기타",한국장애인단체총연합회,2025-03-17 ~ 2025-05-23,1천만원이하,50만원,
276,제12회 이데일리 사진공모전,영상/UCC/사진,제한없음,"이데일리, 이데일리TV",2025-03-10 ~ 2025-05-09,1천만원이하,300만원,
277,2025년 김천국제가족연극제 UCC 공모전,영상/UCC/사진,기타,"경상북도, 김천시",2025-03-10 ~ 2025-06-14,1천만원이하,100만원,
278,2025 상주세계모자페스티벌 상징 모자 디자인 공모전,디자인/캐릭터/웹툰,제한없음,상주시청,2025-03-10 ~ 2025-06-27,1천만원이하,200만원,
279,2025 국가안보 논문 공모전,논문/리포트,"대학생, 기타",국가정보원,2025-04-01 ~ 2025-05-31,3천만원~1천만원,500만원,
280,제 11회 김천시 규제개혁 아이디어 공모전,기획/아이디어,기타,김천시,2025-03-10 ~ 2025-05-09,1천만원이하,70만원,
281,2025 국세청 청소년 세금작품 공모전,예체능/미술/음악,"청소년, 어린이, 기타",국세청,2025-03-04 ~ 2025-06-30,3천만원~1천만원,50만원,
282,2025 장애인가족 행복 페스티벌 수기 공모전,문학/글/시나리오,"제한없음, 기타",한국지체장애인협회,"보건복지부, 행정안전부, 여성가족부, KBS한국방송, 희망복지방송, 소셜포커스",2025-03-10 ~ 2025-05-30,다양한 혜택,
283,2025년 제12회 유닛로드시스템 창의성 공모전,예체능/미술/음악,"일반인, 대학생",한국파렛트컨테이너협회,2025-03-01 ~ 2025-07-31,1천만원이하,200만원,
284,[갤러리비상] 제3회 전국장애인미술공모전,예체능/미술/음악,기타,고양시장애인종합복지관,2025-03-24 ~ 2025-05-08,1천만원이하,100만원,
285,[인천광역시 연수구] 2025 아름다운 간판 공모전,건축/건설/인테리어,기타,인천광역시 연수구,2025-03-10 ~ 2025-05-16,다양한 혜택,,
286,2025 제16회 파주시 예쁜간판 공모전,건축/건설/인테리어,"제한없음, 기타",파주시,2025-03-04 ~ 2025-06-30,다양한 혜택,,
287,2025 삼척시 탄소중립 시민참여 아이디어 공모전,기획/아이디어,기타,삼척시탄소중립지원센터,2025-03-04 ~ 2025-05-15,1천만원이하,30만원,
288,2025 의성사랑 유튜브 공모전,영상/UCC/사진,제한없음,의성군,2025-03-04 ~ 2025-10-31,3천만원~1천만원,200만원,
289,금정구 고향사랑기부제 지정기부사업 아이디어 공모전,기획/아이디어,제한없음,금정구,2025-03-05 ~ 2025-06-04,1천만원이하,50만원,
290,이만옹 3代 이야기 우리함께 만들어요 공모전,예체능/미술/음악,제한없음,대구광역시 달서구,2025-03-04 ~ 2025-05-30,1천만원이하,20만원,
291,민주공화국 영상공모전,영상/UCC/사진,제한없음,(사)민주·인권·평화를실천하는긴급조치사람들,2025-03-03 ~ 2025-05-10,3천만원~1천만원,300만원,
292,2025년 KWMA 선교논문공모전,논문/리포트,기타,한국세계선교협의회,2025-02-05 ~ 2025-10-31,1천만원이하,300만원,
293,2025년 제주시 정책 아이디어 공모전,기획/아이디어,제한없음,제주시,2025-02-28 ~ 2025-12-31,1천만원이하,70만원,
294,청주시 2025 상반기 시민 테마아이디어 공모전,기획/아이디어,제한없음,청주시,2025-03-04 ~ 2025-05-11,1천만원이하,100만원,
295,2025년 해남공룡박물관 전국 캐릭터 캘리그라피 공모전,디자인/캐릭터/웹툰,기타,해남군,2025-02-26 ~ 2025-06-05,1천만원이하,70만원,
296,제30회 경기도 건축문화상 공모전,건축/건설/인테리어,기타,경기건축문화제 추진위원회,2025-04-15 ~ 2025-07-09,3천만원~1천만원,700만원,
297,김가네 제 12회 어린이 그림공모전,예체능/미술/음악,어린이,김가네,"한국미술협회, ddp, 책읽는미술관, 드림디포, 북극곰",2025-03-10 ~ 2025-05-09,1천만원이하,30만원
298,2025 사천시 드론 사진·영상 공모전,영상/UCC/사진,기타,사천시,2025-03-01 ~ 2025-10-31,1천만원이하,,
299,제14회 전주 기록물 수집 공모전,기타,기타,전주시시,2025-03-04 ~ 2025-05-30,다양한 혜택,,
300,제 10회 초록우산 감사편지 공모전,문학/글/시나리오,"청소년, 어린이",초록우산,2025-03-11 ~ 2025-07-11,다양한 혜택,,
301,YTN서울타워 준공 50주년 기념 숏폼 영상 공모전,영상/UCC/사진,제한없음,YTN,2025-02-24 ~ 2025-06-30,다양한 혜택,,
302,제2회 로스쿨&변호사시험 수기 공모전,문학/글/시나리오,기타,법학전문대학원협의회,2025-03-17 ~ 2025-05-16,3천만원~1천만원,200만원,
303,2025 K-CONTENTS 전국고교 영상·대본 공모전,영상/UCC/사진,기타,한국방송예술진흥원,2025-02-19 ~ 2025-07-25,다양한 혜택,"상금 100만원, 입학 시 300만원 장학금",
